action,context
action,context
action,context
action,context
action,context
action,context
action,context
action,context
action,context
action,context
action,context
action,context
action,context
action,context
action,context
action,context
action,context
action,context
action,context
action,context
action,context
action,context
action,context
action,context
action,context
action,context
action,context
action,context
action,context
action,context
action,context
action,context
action,context
action,context
action,context
action,context
action,context
action,context
action,context
action,context
action,context
action,context
action,context
action,context
action,context
action,context
action,context
action,context
action,context
action,context
action,context
action,context
action,context
action,context
action,context
action,context
action,context
action,context
action,context
action,context
action,context
action,context
action,context
action,context
action,context
action,context
action,context
action,context
action,context
action,context
action,context
action,context
action,context
action,context
action,context
action,context
action,context
action,context
action,context
action,context
action,context
action,context
action,context
action,context
action,context
action,context
action,context
action,context
action,context
action,context
action,context
action,context
action,context
action,context
action,context
action,context
action,context
action,context
action,context
action,context
action,context
action,context
action,context
action,context
action,context
action,context
action,context
action,context
action,context
action,context
action,context
action,context
action,context
action,context
action,context
action,context
action,context
action,context
action,context
action,context